insert into customer (id, email, full_name, phone) values (1, 'hliffe0@delicious.com', 'Huntley Liffe', '+86 572 941 8456');
insert into customer (id, email, full_name, phone) values (2, 'njeffels1@hc360.com', 'Nalani Jeffels', '+380 149 870 1284');
insert into customer (id, email, full_name, phone) values (3, 'vgaughan2@gizmodo.com', 'Vale Gaughan', '+7 919 164 2783');
insert into customer (id, email, full_name, phone) values (4, 'jbaile3@livejournal.com', 'Jerald Baile', '+86 913 815 5392');
insert into customer (id, email, full_name, phone) values (5, 'lshelly4@nps.gov', 'Liz Shelly', '+86 653 790 2425');
insert into customer (id, email, full_name, phone) values (6, 'eharrowing5@lycos.com', 'Erma Harrowing', '+58 592 907 1751');
insert into customer (id, email, full_name, phone) values (7, 'lmcallister6@ustream.tv', 'Lacy McAllister', '+57 886 748 8007');
insert into customer (id, email, full_name, phone) values (8, 'kpeeter7@dagondesign.com', 'Keenan Peeter', '+62 973 324 7087');
insert into customer (id, email, full_name, phone) values (9, 'tsmoth8@mozilla.org', 'Travers Smoth', '+7 163 288 7037');
insert into customer (id, email, full_name, phone) values (10, 'mjarret9@foxnews.com', 'Moselle Jarret', '+33 933 845 9321');
insert into note (id, create_date, description, customer_id) values (1, '2022-01-24 11:26:25', 'quis orci eget orci vehicula condimentum curabitur in libero ut massa volutpat convallis morbi odio odio elementum eu interdum eu tincidunt in leo maecenas pulvinar lobortis est', 10);
insert into note (id, create_date, description, customer_id) values (2, '2022-01-22 04:07:38', 'ligula sit amet eleifend pede libero quis orci nullam molestie nibh in lectus pellentesque at nulla suspendisse potenti cras in', 1);
insert into note (id, create_date, description, customer_id) values (3, '2021-05-22 01:33:17', 'odio justo sollicitudin ut suscipit a feugiat et eros vestibulum ac est lacinia nisi venenatis tristique fusce congue diam id', 4);
insert into note (id, create_date, description, customer_id) values (4, '2021-12-26 15:51:40', 'nullam porttitor lacus at turpis donec posuere metus vitae ipsum aliquam non mauris morbi non lectus aliquam sit amet diam in magna bibendum imperdiet', 3);
insert into note (id, create_date, description, customer_id) values (5, '2022-03-05 20:49:22', 'orci nullam molestie nibh in lectus pellentesque at nulla suspendisse potenti cras in purus eu magna vulputate luctus cum sociis natoque penatibus et magnis dis parturient montes', 1);
insert into note (id, create_date, description, customer_id) values (6, '2021-08-07 23:38:22', 'elementum nullam varius nulla facilisi cras non velit nec nisi vulputate nonummy maecenas tincidunt lacus at velit vivamus vel nulla eget eros elementum pellentesque quisque porta volutpat erat', 7);
insert into note (id, create_date, description, customer_id) values (7, '2021-07-31 04:40:14', 'lectus suspendisse potenti in eleifend quam a odio in hac habitasse platea dictumst maecenas ut massa quis augue luctus tincidunt nulla mollis molestie lorem quisque ut erat', 5);
insert into note (id, create_date, description, customer_id) values (8, '2022-02-08 09:46:31', 'nunc viverra dapibus nulla suscipit ligula in lacus curabitur at ipsum ac tellus semper interdum mauris ullamcorper purus sit amet nulla quisque', 5);
insert into note (id, create_date, description, customer_id) values (9, '2021-09-15 04:01:00', 'ut suscipit a feugiat et eros vestibulum ac est lacinia nisi venenatis tristique fusce congue diam id ornare imperdiet sapien urna pretium nisl ut volutpat', 3);
insert into note (id, create_date, description, customer_id) values (10, '2022-03-06 03:32:26', 'elementum in hac habitasse platea dictumst morbi vestibulum velit id pretium iaculis diam erat fermentum justo nec condimentum neque sapien placerat ante nulla justo aliquam quis turpis', 1);
insert into job (id, name, description) values (1, 'Software Test Engineer II', 'habitasse platea dictumst morbi vestibulum velit id pretium iaculis diam erat fermentum justo nec condimentum neque');
insert into job (id, name, description) values (2, 'Design Engineer', 'in purus eu magna vulputate luctus cum sociis natoque penatibus et magnis dis parturient montes nascetur');
insert into job (id, name, description) values (3, 'Senior Editor', 'pede posuere nonummy integer non velit donec diam neque vestibulum eget vulputate ut ultrices vel augue vestibulum ante ipsum');
insert into job (id, name, description) values (4, 'Dental Hygienist', 'hac habitasse platea dictumst morbi vestibulum velit id pretium iaculis diam erat fermentum justo nec condimentum neque sapien placerat');
insert into job (id, name, description) values (5, 'Accounting Assistant II', 'metus aenean fermentum donec ut mauris eget massa tempor convallis nulla neque libero convallis eget eleifend');
insert into job (id, name, description) values (6, 'Senior Financial Analyst', 'donec dapibus duis at velit eu est congue elementum in hac habitasse platea dictumst morbi vestibulum velit');
insert into job (id, name, description) values (7, 'Speech Pathologist', 'in felis donec semper sapien a libero nam dui proin leo odio porttitor id consequat in consequat ut');
insert into job (id, name, description) values (8, 'Sales Associate', 'posuere metus vitae ipsum aliquam non mauris morbi non lectus aliquam');
insert into job (id, name, description) values (9, 'Geologist I', 'lacinia sapien quis libero nullam sit amet turpis elementum ligula vehicula consequat morbi a ipsum integer a nibh in');
insert into job (id, name, description) values (10, 'Research Assistant I', 'in imperdiet et commodo vulputate justo in blandit ultrices enim lorem ipsum dolor sit amet consectetuer');
insert into job (id, name, description) values (11, 'Biostatistician III', 'adipiscing lorem vitae mattis nibh ligula nec sem duis aliquam convallis nunc proin at');
insert into job (id, name, description) values (12, 'Research Assistant III', 'eleifend donec ut dolor morbi vel lectus in quam fringilla rhoncus');
insert into job (id, name, description) values (13, 'Senior Developer', 'a suscipit nulla elit ac nulla sed vel enim sit amet nunc viverra dapibus nulla suscipit');
insert into job (id, name, description) values (14, 'Health Coach II', 'lobortis ligula sit amet eleifend pede libero quis orci nullam molestie nibh in lectus pellentesque at nulla');
insert into job (id, name, description) values (15, 'Nuclear Power Engineer', 'consequat nulla nisl nunc nisl duis bibendum felis sed interdum venenatis turpis enim blandit mi in porttitor pede justo');
insert into job (id, name, description) values (16, 'Pharmacist', 'vivamus in felis eu sapien cursus vestibulum proin eu mi nulla ac');
insert into job (id, name, description) values (17, 'Programmer Analyst II', 'est et tempus semper est quam pharetra magna ac consequat metus sapien ut nunc vestibulum ante ipsum');
insert into job (id, name, description) values (18, 'Electrical Engineer', 'interdum mauris ullamcorper purus sit amet nulla quisque arcu libero rutrum ac lobortis vel dapibus');
insert into job (id, name, description) values (19, 'Physical Therapy Assistant', 'augue aliquam erat volutpat in congue etiam justo etiam pretium iaculis justo in hac habitasse platea dictumst etiam faucibus cursus');
insert into job (id, name, description) values (20, 'Technical Writer', 'a feugiat et eros vestibulum ac est lacinia nisi venenatis tristique fusce congue diam id ornare imperdiet sapien urna');
insert into job (id, name, description) values (21, 'Chemical Engineer', 'suscipit a feugiat et eros vestibulum ac est lacinia nisi venenatis tristique fusce congue diam id ornare imperdiet sapien urna');
insert into employee (id, first_name, last_name, email, phone, role, password) values (1, 'Fairfax', 'Sproule', 'fsproule0@tamu.edu', '+86 138 109 3508', 'USER', 'WO8B8Ex3');
insert into employee (id, first_name, last_name, email, phone, role, password) values (2, 'Paton', 'Duetschens', 'pduetschens1@macromedia.com', '+48 227 236 9841', 'USER', 'fj4y5RpoL');
insert into employee (id, first_name, last_name, email, phone, role, password) values (3, 'Ransell', 'Musto', 'rmusto2@prweb.com', '+62 324 292 0682', 'USER', 'IDKL0kp');
insert into employee (id, first_name, last_name, email, phone, role, password) values (4, 'Spencer', 'O''Hickey', 'sohickey3@google.ca', '+86 128 718 2873', 'USER', 'jHCr9mV');
insert into employee (id, first_name, last_name, email, phone, role, password) values (5, 'Kariotta', 'Drews', 'kdrews4@sbwire.com', '+62 167 230 8123', 'USER', 'LEzd7Ze');
insert into employee (id, first_name, last_name, email, phone, role, password) values (6, 'Daffie', 'Earlam', 'dearlam5@shinystat.com', '+36 990 615 4640', 'USER', 'PWWeSkyf');
insert into employee (id, first_name, last_name, email, phone, role, password) values (7, 'Carilyn', 'Dowsett', 'cdowsett6@stumbleupon.com', '+48 648 513 6811', 'USER', 'a0E7mrU');
insert into employee (id, first_name, last_name, email, phone, role, password) values (8, 'Chrysa', 'Zapater', 'czapater7@unesco.org', '+385 138 197 1703', 'USER', 'U7n9bZbXZ');
insert into employee (id, first_name, last_name, email, phone, role, password) values (9, 'Inna', 'Spearing', 'ispearing8@usatoday.com', '+86 225 982 4013', 'USER', '0sFmSNvP');
insert into employee (id, first_name, last_name, email, phone, role, password) values (10, 'Celine', 'Eason', 'ceason9@cargocollective.com', '+880 770 519 2348', 'USER', 'BkGsbYVPq');
insert into shift (id, start_time, end_time, employee_id, customer_id, job_id) values (1, '2022-02-25 05:51:49', '2021-12-18 01:08:08', 6, 2, 1);
insert into shift (id, start_time, end_time, employee_id, customer_id, job_id) values (2, '2022-01-18 21:16:37', '2021-12-02 07:18:33', 6, 4, 15);
insert into shift (id, start_time, end_time, employee_id, customer_id, job_id) values (3, '2021-11-02 19:52:01', '2021-10-14 20:55:04', 9, 1, 20);
insert into shift (id, start_time, end_time, employee_id, customer_id, job_id) values (4, '2021-11-20 02:42:36', '2021-11-04 12:14:59', 10, 3, 20);
insert into shift (id, start_time, end_time, employee_id, customer_id, job_id) values (5, '2022-04-22 09:00:19', '2021-12-22 00:49:18', 9, 1, 18);
insert into shift (id, start_time, end_time, employee_id, customer_id, job_id) values (6, '2021-08-07 21:03:51', '2021-08-25 13:34:44', 4, 8, 17);
insert into shift (id, start_time, end_time, employee_id, customer_id, job_id) values (7, '2021-09-30 09:02:56', '2021-07-20 05:19:46', 10, 1, 13);
insert into shift (id, start_time, end_time, employee_id, customer_id, job_id) values (8, '2021-06-02 07:11:49', '2022-04-27 09:11:53', 6, 10, 7);
insert into shift (id, start_time, end_time, employee_id, customer_id, job_id) values (9, '2021-05-29 20:51:15', '2021-09-03 05:45:47', 7, 2, 6);
insert into shift (id, start_time, end_time, employee_id, customer_id, job_id) values (10, '2021-05-16 11:05:49', '2021-07-08 08:19:19', 2, 8, 6);
insert into shift (id, start_time, end_time, employee_id, customer_id, job_id) values (11, '2021-12-24 16:15:32', '2022-01-02 15:28:54', 9, 8, 18);
insert into shift (id, start_time, end_time, employee_id, customer_id, job_id) values (12, '2021-06-02 14:46:58', '2021-10-13 06:59:19', 1, 4, 17);
insert into shift (id, start_time, end_time, employee_id, customer_id, job_id) values (13, '2021-12-06 14:44:47', '2021-06-06 07:34:16', 6, 8, 19);
insert into shift (id, start_time, end_time, employee_id, customer_id, job_id) values (14, '2021-07-24 05:12:18', '2021-06-24 23:20:35', 3, 6, 7);
insert into shift (id, start_time, end_time, employee_id, customer_id, job_id) values (15, '2022-05-04 17:28:51', '2021-08-21 03:33:28', 4, 4, 10);
insert into shift (id, start_time, end_time, employee_id, customer_id, job_id) values (16, '2022-02-08 07:37:31', '2021-07-26 17:27:12', 8, 7, 18);
insert into shift (id, start_time, end_time, employee_id, customer_id, job_id) values (17, '2021-08-07 05:58:57', '2022-03-04 21:55:07', 2, 10, 5);
insert into shift (id, start_time, end_time, employee_id, customer_id, job_id) values (18, '2022-04-10 03:12:03', '2021-10-01 07:35:08', 7, 3, 6);
insert into shift (id, start_time, end_time, employee_id, customer_id, job_id) values (19, '2021-07-02 09:24:37', '2021-07-27 09:13:28', 6, 8, 16);
insert into shift (id, start_time, end_time, employee_id, customer_id, job_id) values (20, '2022-02-28 17:08:23', '2021-09-04 20:04:52', 3, 7, 19);
insert into shift (id, start_time, end_time, employee_id, customer_id, job_id) values (21, '2021-09-10 15:26:08', '2022-01-03 14:10:00', 7, 10, 3);
insert into shift (id, start_time, end_time, employee_id, customer_id, job_id) values (22, '2021-06-08 01:23:21', '2021-05-01 14:29:30', 3, 2, 6);
insert into shift (id, start_time, end_time, employee_id, customer_id, job_id) values (23, '2021-06-04 04:33:21', '2021-09-13 05:34:28', 5, 5, 19);
insert into shift (id, start_time, end_time, employee_id, customer_id, job_id) values (24, '2021-06-19 19:23:50', '2021-08-29 22:44:38', 5, 9, 9);
insert into shift (id, start_time, end_time, employee_id, customer_id, job_id) values (25, '2021-09-25 03:14:52', '2021-12-09 21:49:03', 7, 7, 3);
insert into shift (id, start_time, end_time, employee_id, customer_id, job_id) values (26, '2022-05-11 10:03:18', '2021-09-15 17:32:05', 1, 3, 10);
insert into shift (id, start_time, end_time, employee_id, customer_id, job_id) values (27, '2021-06-07 15:39:21', '2021-11-22 21:58:10', 2, 2, 16);
insert into shift (id, start_time, end_time, employee_id, customer_id, job_id) values (28, '2021-12-21 12:03:42', '2022-02-12 11:39:59', 9, 7, 16);
insert into shift (id, start_time, end_time, employee_id, customer_id, job_id) values (29, '2021-10-07 20:14:42', '2022-02-16 21:42:31', 8, 4, 11);
insert into shift (id, start_time, end_time, employee_id, customer_id, job_id) values (30, '2021-09-19 22:58:53', '2022-03-11 16:23:14', 10, 1, 11);
insert into shift (id, start_time, end_time, employee_id, customer_id, job_id) values (31, '2021-12-15 08:20:29', '2021-11-03 09:47:53', 3, 9, 17);
insert into shift (id, start_time, end_time, employee_id, customer_id, job_id) values (32, '2022-05-11 08:40:29', '2022-01-13 13:42:29', 7, 2, 21);
insert into shift (id, start_time, end_time, employee_id, customer_id, job_id) values (33, '2022-03-16 20:32:56', '2021-08-15 15:05:32', 3, 7, 13);
insert into shift (id, start_time, end_time, employee_id, customer_id, job_id) values (34, '2021-05-09 03:10:37', '2022-01-19 01:00:42', 10, 8, 17);
insert into shift (id, start_time, end_time, employee_id, customer_id, job_id) values (35, '2021-06-28 22:10:34', '2022-05-06 07:22:10', 9, 3, 18);
insert into shift (id, start_time, end_time, employee_id, customer_id, job_id) values (36, '2021-06-28 06:50:01', '2021-10-14 07:23:27', 6, 9, 13);
insert into shift (id, start_time, end_time, employee_id, customer_id, job_id) values (37, '2022-04-01 03:04:21', '2022-02-26 05:57:01', 3, 3, 16);
insert into shift (id, start_time, end_time, employee_id, customer_id, job_id) values (38, '2022-02-15 16:33:56', '2022-02-25 09:33:18', 6, 9, 1);
insert into shift (id, start_time, end_time, employee_id, customer_id, job_id) values (39, '2021-11-24 16:12:16', '2021-06-25 12:24:44', 8, 1, 5);
insert into shift (id, start_time, end_time, employee_id, customer_id, job_id) values (40, '2021-10-25 07:14:43', '2021-08-09 19:59:12', 2, 9, 6);
insert into shift (id, start_time, end_time, employee_id, customer_id, job_id) values (41, '2021-11-14 05:16:02', '2022-04-06 14:19:36', 6, 3, 12);
insert into shift (id, start_time, end_time, employee_id, customer_id, job_id) values (42, '2022-03-29 16:58:14', '2021-05-11 09:13:19', 9, 10, 14);
insert into shift (id, start_time, end_time, employee_id, customer_id, job_id) values (43, '2022-04-30 00:16:33', '2021-07-02 23:32:50', 3, 5, 4);
insert into shift (id, start_time, end_time, employee_id, customer_id, job_id) values (44, '2021-05-07 08:15:50', '2022-02-09 03:45:16', 3, 6, 9);
insert into shift (id, start_time, end_time, employee_id, customer_id, job_id) values (45, '2021-08-19 05:45:22', '2022-01-17 13:56:01', 1, 7, 11);
insert into shift (id, start_time, end_time, employee_id, customer_id, job_id) values (46, '2021-10-31 16:42:44', '2022-05-02 03:02:11', 1, 9, 18);
insert into shift (id, start_time, end_time, employee_id, customer_id, job_id) values (47, '2022-02-05 09:05:32', '2022-04-08 10:07:50', 1, 6, 14);
insert into shift (id, start_time, end_time, employee_id, customer_id, job_id) values (48, '2022-01-25 18:59:43', '2022-02-21 22:14:18', 8, 1, 2);
insert into shift (id, start_time, end_time, employee_id, customer_id, job_id) values (49, '2022-01-13 16:49:39', '2022-01-31 03:50:28', 10, 5, 21);
insert into shift (id, start_time, end_time, employee_id, customer_id, job_id) values (50, '2021-11-28 16:18:00', '2021-10-07 19:33:32', 6, 4, 19);
insert into shift (id, start_time, end_time, employee_id, customer_id, job_id) values (51, '2021-12-27 01:44:22', '2022-01-08 12:57:17', 6, 6, 6);
insert into shift (id, start_time, end_time, employee_id, customer_id, job_id) values (52, '2022-01-04 04:24:51', '2022-03-24 04:36:18', 10, 6, 14);
insert into shift (id, start_time, end_time, employee_id, customer_id, job_id) values (53, '2021-07-13 15:06:51', '2022-05-02 08:30:35', 6, 10, 13);
insert into shift (id, start_time, end_time, employee_id, customer_id, job_id) values (54, '2022-03-16 21:38:11', '2021-06-27 06:52:03', 8, 5, 13);
insert into shift (id, start_time, end_time, employee_id, customer_id, job_id) values (55, '2022-05-08 01:29:08', '2021-09-19 23:26:04', 5, 3, 15);
insert into shift (id, start_time, end_time, employee_id, customer_id, job_id) values (56, '2022-02-15 04:01:43', '2022-02-28 12:24:36', 8, 2, 19);
insert into shift (id, start_time, end_time, employee_id, customer_id, job_id) values (57, '2021-12-17 11:50:45', '2022-03-19 02:02:54', 7, 8, 2);
insert into shift (id, start_time, end_time, employee_id, customer_id, job_id) values (58, '2021-07-10 08:42:04', '2021-12-07 22:54:04', 4, 8, 3);
insert into shift (id, start_time, end_time, employee_id, customer_id, job_id) values (59, '2021-12-20 08:35:17', '2022-03-05 20:32:10', 1, 5, 20);
insert into shift (id, start_time, end_time, employee_id, customer_id, job_id) values (60, '2021-06-14 12:13:51', '2022-01-20 14:56:42', 2, 4, 3);
insert into shift (id, start_time, end_time, employee_id, customer_id, job_id) values (61, '2021-11-22 13:10:43', '2021-08-23 01:01:25', 7, 6, 13);
insert into shift (id, start_time, end_time, employee_id, customer_id, job_id) values (62, '2021-07-09 07:10:19', '2021-08-22 17:13:53', 8, 10, 2);
insert into shift (id, start_time, end_time, employee_id, customer_id, job_id) values (63, '2021-10-25 01:11:14', '2022-04-05 05:06:23', 10, 1, 21);
insert into shift (id, start_time, end_time, employee_id, customer_id, job_id) values (64, '2021-05-29 11:22:38', '2021-06-11 15:36:07', 6, 5, 12);
insert into shift (id, start_time, end_time, employee_id, customer_id, job_id) values (65, '2021-10-10 23:00:37', '2022-02-05 22:54:42', 3, 5, 16);
insert into shift (id, start_time, end_time, employee_id, customer_id, job_id) values (66, '2021-07-11 08:09:04', '2022-01-19 14:22:48', 8, 6, 19);
insert into shift (id, start_time, end_time, employee_id, customer_id, job_id) values (67, '2022-02-07 09:05:20', '2021-08-28 15:00:16', 4, 10, 19);
insert into shift (id, start_time, end_time, employee_id, customer_id, job_id) values (68, '2021-12-30 06:30:18', '2022-02-01 03:06:17', 4, 2, 19);
insert into shift (id, start_time, end_time, employee_id, customer_id, job_id) values (69, '2021-10-24 19:09:55', '2021-11-11 16:04:27', 8, 6, 10);
insert into shift (id, start_time, end_time, employee_id, customer_id, job_id) values (70, '2021-10-27 06:37:32', '2021-07-30 22:51:21', 8, 1, 15);
insert into shift (id, start_time, end_time, employee_id, customer_id, job_id) values (71, '2021-11-29 22:40:12', '2021-07-19 09:39:22', 10, 10, 8);
insert into shift (id, start_time, end_time, employee_id, customer_id, job_id) values (72, '2022-04-28 09:05:47', '2022-04-29 21:49:30', 4, 8, 20);
insert into shift (id, start_time, end_time, employee_id, customer_id, job_id) values (73, '2021-08-28 16:10:29', '2021-05-28 08:43:31', 8, 10, 21);
insert into shift (id, start_time, end_time, employee_id, customer_id, job_id) values (74, '2021-09-03 02:41:58', '2021-07-30 22:14:02', 1, 9, 7);
insert into shift (id, start_time, end_time, employee_id, customer_id, job_id) values (75, '2022-04-22 22:16:31', '2021-09-08 03:38:04', 6, 9, 6);
insert into shift (id, start_time, end_time, employee_id, customer_id, job_id) values (76, '2022-04-08 13:35:26', '2022-02-01 09:04:45', 9, 8, 11);
insert into shift (id, start_time, end_time, employee_id, customer_id, job_id) values (77, '2022-01-17 15:30:27', '2021-12-14 05:13:51', 5, 3, 10);
insert into shift (id, start_time, end_time, employee_id, customer_id, job_id) values (78, '2021-09-15 22:27:23', '2022-03-10 07:40:20', 5, 9, 5);
insert into shift (id, start_time, end_time, employee_id, customer_id, job_id) values (79, '2021-07-24 23:02:40', '2021-06-03 17:16:43', 9, 9, 12);
insert into shift (id, start_time, end_time, employee_id, customer_id, job_id) values (80, '2021-05-25 01:30:05', '2022-05-09 09:11:09', 8, 2, 3);
insert into shift (id, start_time, end_time, employee_id, customer_id, job_id) values (81, '2021-08-05 08:24:23', '2022-04-07 19:10:38', 9, 2, 15);
insert into shift (id, start_time, end_time, employee_id, customer_id, job_id) values (82, '2021-08-29 12:53:38', '2021-06-10 05:50:05', 6, 1, 19);
insert into shift (id, start_time, end_time, employee_id, customer_id, job_id) values (83, '2022-04-20 01:03:27', '2021-07-20 11:22:59', 10, 9, 18);
insert into shift (id, start_time, end_time, employee_id, customer_id, job_id) values (84, '2021-12-08 06:00:57', '2021-08-24 00:06:02', 6, 9, 1);
insert into shift (id, start_time, end_time, employee_id, customer_id, job_id) values (85, '2021-05-11 08:58:05', '2021-11-05 22:17:36', 5, 1, 1);
insert into shift (id, start_time, end_time, employee_id, customer_id, job_id) values (86, '2021-08-04 12:16:20', '2021-12-03 05:17:58', 5, 9, 13);
insert into shift (id, start_time, end_time, employee_id, customer_id, job_id) values (87, '2021-08-05 15:51:46', '2021-11-23 08:52:34', 3, 1, 9);
insert into shift (id, start_time, end_time, employee_id, customer_id, job_id) values (88, '2022-05-01 15:27:17', '2021-12-12 02:19:27', 3, 9, 4);
insert into shift (id, start_time, end_time, employee_id, customer_id, job_id) values (89, '2021-08-31 02:58:00', '2021-08-17 14:23:52', 8, 9, 5);
insert into shift (id, start_time, end_time, employee_id, customer_id, job_id) values (90, '2022-04-12 20:15:56', '2021-05-11 10:29:32', 9, 5, 9);
insert into shift (id, start_time, end_time, employee_id, customer_id, job_id) values (91, '2021-07-11 16:39:39', '2021-11-25 17:51:09', 10, 5, 13);
insert into shift (id, start_time, end_time, employee_id, customer_id, job_id) values (92, '2021-10-14 09:10:06', '2021-11-12 04:28:37', 3, 2, 14);
insert into shift (id, start_time, end_time, employee_id, customer_id, job_id) values (93, '2022-04-20 14:16:36', '2021-11-23 19:20:53', 4, 5, 15);
insert into shift (id, start_time, end_time, employee_id, customer_id, job_id) values (94, '2021-11-08 05:29:39', '2021-11-01 00:14:44', 1, 6, 16);
insert into shift (id, start_time, end_time, employee_id, customer_id, job_id) values (95, '2021-09-05 02:48:55', '2022-01-04 07:00:08', 10, 1, 5);
insert into shift (id, start_time, end_time, employee_id, customer_id, job_id) values (96, '2021-10-14 22:52:38', '2021-08-11 06:04:51', 7, 5, 15);
insert into shift (id, start_time, end_time, employee_id, customer_id, job_id) values (97, '2022-01-25 00:01:25', '2022-04-16 04:47:59', 1, 10, 13);
insert into shift (id, start_time, end_time, employee_id, customer_id, job_id) values (98, '2022-01-26 02:57:36', '2021-12-05 22:49:31', 10, 2, 8);
insert into shift (id, start_time, end_time, employee_id, customer_id, job_id) values (99, '2022-03-30 06:14:35', '2021-06-09 23:21:12', 2, 3, 18);
insert into shift (id, start_time, end_time, employee_id, customer_id, job_id) values (100, '2021-06-14 16:57:16', '2021-10-20 01:13:25', 2, 3, 17);
insert into shift (id, start_time, end_time, employee_id, customer_id, job_id) values (101, '2022-03-12 19:43:39', '2021-07-02 16:55:51', 2, 1, 15);
insert into shift (id, start_time, end_time, employee_id, customer_id, job_id) values (102, '2022-04-02 23:16:28', '2021-06-13 05:07:36', 4, 10, 18);
insert into shift (id, start_time, end_time, employee_id, customer_id, job_id) values (103, '2021-08-11 07:11:30', '2021-10-14 09:58:13', 8, 5, 15);
insert into shift (id, start_time, end_time, employee_id, customer_id, job_id) values (104, '2021-05-12 05:19:53', '2021-11-07 12:54:53', 4, 6, 5);
insert into shift (id, start_time, end_time, employee_id, customer_id, job_id) values (105, '2022-03-14 22:05:23', '2021-10-25 13:59:17', 3, 3, 20);
insert into shift (id, start_time, end_time, employee_id, customer_id, job_id) values (106, '2022-01-15 03:10:56', '2021-10-28 04:06:33', 9, 9, 4);
insert into shift (id, start_time, end_time, employee_id, customer_id, job_id) values (107, '2021-05-02 00:02:17', '2022-02-05 07:37:48', 2, 7, 2);
insert into shift (id, start_time, end_time, employee_id, customer_id, job_id) values (108, '2021-06-13 23:35:07', '2021-10-30 04:45:10', 7, 8, 7);
insert into shift (id, start_time, end_time, employee_id, customer_id, job_id) values (109, '2022-01-29 21:15:10', '2022-03-10 14:01:05', 6, 2, 20);
insert into shift (id, start_time, end_time, employee_id, customer_id, job_id) values (110, '2021-07-22 09:36:05', '2022-01-15 10:12:33', 2, 9, 15);
insert into shift (id, start_time, end_time, employee_id, customer_id, job_id) values (111, '2021-08-04 22:00:57', '2021-12-31 16:53:58', 1, 8, 12);
insert into shift (id, start_time, end_time, employee_id, customer_id, job_id) values (112, '2021-09-02 18:50:41', '2021-10-31 12:32:06', 3, 4, 13);
insert into shift (id, start_time, end_time, employee_id, customer_id, job_id) values (113, '2022-05-01 21:42:43', '2021-10-02 22:03:57', 2, 8, 21);
